Language, == files, != files, + files, - files, == blank, != blank, + blank, - blank, == comment, != comment, + comment, - comment, == code, != code, + code, - code, "github.com/AlDanial/cloc v 1.80 T=21 s"
Gradle, 3, 0, 0, 0, 48, 0, 0, 0, 12, 0, 0, 0, 309, 0, 0, 0, 
CSS, 14, 0, 0, 0, 291, 0, 0, 0, 84, 0, 0, 0, 2037, 0, 0, 0, 
DOS Batch, 1, 0, 0, 0, 23, 0, 0, 0, 2, 0, 0, 0, 59, 0, 0, 0, 
Markdown, 3, 0, 0, 0, 76, 0, 0, 0, 0, 0, 0, 0, 121, 0, 0, 0, 
Groovy, 4, 0, 0, 0, 53, 0, 0, 0, 3, 0, 0, 0, 229, 0, 0, 0, 
LESS, 71, 0, 0, 0, 1229, 0, 0, 0, 1558, 0, 0, 0, 5911, 0, 0, 0, 
Velocity Template Language, 57, 0, 0, 0, 162, 0, 0, 0, 31, 0, 0, 0, 1723, 0, 0, 0, 
Bourne Shell, 1, 0, 0, 0, 21, 0, 0, 0, 22, 0, 0, 0, 129, 0, 0, 0, 
YAML, 2, 0, 0, 0, 0, 0, 0, 0, 0, 0, 0, 0, 15, 0, 0, 0, 
HTML, 3, 0, 0, 0, 129, 0, 0, 0, 8, 0, 0, 0, 304, 0, 0, 0, 
JavaScript, 33, 0, 0, 0, 3951, 0, 0, 0, 3712, 0, 0, 0, 25635, 0, 0, 0, 
XML, 377, 0, 0, 0, 3, 0, 0, 0, 0, 0, 0, 0, 4698, 0, 0, 0, 
Java, 1114, 3, 0, 0, 16206, 0, 0, 1, 2816, 0, 0, 1, 78001, 1, 1, 5, 
